DATE,SP500,10yr,oil,djia,usd
2013-01-01,,,,,
2013-01-02,1462.42,,93.14,13412.55,73.3738
2013-01-03,1459.37,,92.97,13391.36,73.5749
2013-01-04,1466.47,1.87,93.12,13435.21,73.9555
2013-01-07,1461.89,,93.2,13384.29,73.7475
2013-01-08,1457.15,,93.21,13328.85,73.82
2013-01-09,1461.02,,93.08,13390.51,73.8665
2013-01-10,1472.12,,93.81,13471.22,73.4917
2013-01-11,1472.05,1.9,93.6,13488.43,73.2962
2013-01-14,1470.68,,94.27,13507.32,73.3054
2013-01-15,1472.34,,93.26,13534.89,73.3087
2013-01-16,1472.63,,94.28,13511.23,73.4525
2013-01-17,1480.94,,95.49,13596.02,73.4673
2013-01-18,1485.98,1.87,95.61,13649.7,73.8888
2013-01-21,,,,,
2013-01-22,1492.56,,96.09,13712.21,73.6783
2013-01-23,1494.81,,95.06,13779.33,73.7734
2013-01-24,1494.82,,95.35,13825.33,73.9448
2013-01-25,1502.96,1.9,95.15,13895.98,74.0123
2013-01-28,1500.18,,95.95,13881.93,73.9942
2013-01-29,1507.84,,97.62,13954.42,73.7794
2013-01-30,1501.96,,97.98,13910.42,73.6266
2013-01-31,1498.11,,97.65,13860.58,73.4909
2013-02-01,1513.17,2.02,97.46,14009.79,73.4267
2013-02-04,1495.71,,96.21,13880.08,73.7754
2013-02-05,1511.29,,96.68,13979.3,73.8148
2013-02-06,1512.12,,96.44,13986.52,73.9221
2013-02-07,1509.39,,95.84,13944.05,74.2894
2013-02-08,1517.93,2.0,95.71,13992.97,74.2812
2013-02-11,1517.01,,97.01,13971.24,74.4146
2013-02-12,1519.43,,97.48,14018.7,74.2146
2013-02-13,1520.33,,97.03,13982.91,74.2555
2013-02-14,1521.38,,97.3,13973.39,74.474
2013-02-15,1519.79,2.01,95.95,13981.76,74.6156
2013-02-18,,,,,
2013-02-19,1530.94,,96.69,14035.67,74.6724
2013-02-20,1511.95,,94.92,13927.54,74.9189
2013-02-21,1502.42,,92.79,13880.62,75.2774
2013-02-22,1515.6,2.0,93.12,14000.57,75.4853
2013-02-25,1487.85,,92.74,13784.17,75.6246
2013-02-26,1496.94,,92.63,13900.13,75.6869
2013-02-27,1515.99,,92.84,14075.37,75.564
2013-02-28,1514.68,,92.03,14054.49,75.7396
2013-03-01,1518.2,1.88,90.71,14089.66,76.1824
2013-03-04,1525.2,,90.13,14127.82,76.162
2013-03-05,1539.79,,90.88,14253.77,76.0746
2013-03-06,1541.46,,90.47,14296.24,76.2646
2013-03-07,1544.26,,91.53,14329.49,76.1442
2013-03-08,1551.18,1.96,92.01,14397.07,76.5413
2013-03-11,1556.22,,92.07,14447.29,76.4852
2013-03-12,1552.48,,92.44,14450.06,76.4075
2013-03-13,1554.52,,92.47,14455.28,76.6204
2013-03-14,1563.23,,93.03,14539.14,76.5022
2013-03-15,1560.7,2.04,93.49,14514.11,75.9397
2013-03-18,1552.1,,93.71,14452.06,76.232
2013-03-19,1548.34,,92.44,14455.82,76.5076
2013-03-20,1558.71,,93.21,14511.73,76.4233
2013-03-21,1545.8,,92.46,14421.49,76.3321
2013-03-22,1556.89,1.94,93.41,14512.03,76.0305
2013-03-25,1551.69,,94.55,14447.75,76.3102
2013-03-26,1563.77,,95.99,14559.65,76.2416
2013-03-27,1562.85,,96.53,14526.16,76.4888
2013-03-28,1569.19,,97.24,14578.54,76.222
2013-03-29,,1.9,,,76.3538
2013-04-01,1562.17,,97.1,14572.85,76.1008
2013-04-02,1570.25,,97.23,14662.01,76.1659
2013-04-03,1553.69,,95.02,14550.35,76.0281
2013-04-04,1559.98,,93.26,14606.11,76.4323
2013-04-05,1553.28,1.81,92.76,14565.25,76.1241
2013-04-08,1563.07,,93.36,14613.48,76.4708
2013-04-09,1568.61,,94.18,14673.46,76.1556
2013-04-10,1587.73,,94.59,14802.24,76.2642
2013-04-11,1593.37,,93.44,14865.14,75.9461
2013-04-12,1588.85,1.79,91.23,14865.06,76.0456
2013-04-15,1552.36,,88.75,14599.2,76.1658
2013-04-16,1574.57,,88.73,14756.78,76.0466
2013-04-17,1552.01,,86.65,14618.59,76.3942
2013-04-18,1541.61,,87.83,14537.14,76.3846
2013-04-19,1555.25,1.73,88.04,14547.51,76.5611
2013-04-22,1562.5,,88.81,14567.17,76.6091
2013-04-23,1578.78,,89.21,14719.46,76.7481
2013-04-24,1578.79,,91.07,14676.3,76.8284
2013-04-25,1585.16,,93.27,14700.8,76.5537
2013-04-26,1582.24,1.73,92.63,14712.55,76.2324
2013-04-29,1593.61,,94.09,14818.75,76.003
2013-04-30,1597.57,,93.22,14839.8,75.5569
2013-05-01,1582.7,,90.74,14700.95,75.4898
2013-05-02,1597.59,,93.7,14831.58,75.9185
2013-05-03,1614.42,1.7,95.25,14973.96,75.9041
2013-05-06,1617.5,,95.8,14968.89,76.0783
2013-05-07,1625.96,,95.28,15056.2,75.9909
2013-05-08,1632.69,,96.24,15105.12,75.6481
2013-05-09,1626.67,,96.09,15082.62,75.9053
2013-05-10,1633.7,1.83,95.81,15118.49,76.9488
2013-05-13,1633.77,,94.76,15091.68,76.8815
2013-05-14,1650.34,,93.96,15215.25,77.083
2013-05-15,1658.78,,93.95,15275.69,77.4867
2013-05-16,1650.47,,94.85,15233.22,77.2805
2013-05-17,1667.47,1.93,95.72,15354.4,77.9178
2013-05-20,1666.29,,96.29,15335.28,77.7056
2013-05-21,1669.16,,95.55,15387.58,77.6053
2013-05-22,1655.35,,93.98,15307.17,78.0983
2013-05-23,1650.51,,94.12,15294.5,77.5548
2013-05-24,1649.6,1.99,93.84,15303.1,77.5448
2013-05-27,,,,,
2013-05-28,1660.06,,94.65,15409.39,77.9816
2013-05-29,1648.36,,93.13,15302.8,77.5929
2013-05-30,1654.41,,93.57,15324.53,77.1792
2013-05-31,1630.74,2.14,91.93,15115.57,77.3766
2013-06-03,1640.42,,93.41,15254.03,76.6554
2013-06-04,1631.38,,93.36,15177.54,77.0209
2013-06-05,1608.9,,93.66,14960.59,76.8385
2013-06-06,1622.56,,94.71,15040.62,75.9329
2013-06-07,1643.38,2.12,96.11,15248.12,75.8662
2013-06-10,1642.81,,95.82,15238.59,76.056
2013-06-11,1626.13,,95.5,15122.02,75.6874
2013-06-12,1612.52,,95.98,14995.23,75.2524
2013-06-13,1636.36,,96.66,15176.08,75.1393
2013-06-14,1626.73,2.2,97.83,15070.18,75.1127
2013-06-17,1639.04,,97.86,15179.85,75.1746
2013-06-18,1651.81,,98.46,15318.23,75.1593
2013-06-19,1628.93,,98.24,15112.19,75.0907
2013-06-20,1588.19,,94.89,14758.32,76.519
2013-06-21,1592.43,2.33,93.81,14799.4,76.9177
2013-06-24,1573.09,,95.07,14659.56,77.1211
2013-06-25,1588.03,,95.25,14760.31,77.1244
2013-06-26,1603.26,,95.47,14910.14,77.1798
2013-06-27,1613.2,,97.0,15024.49,77.3588
2013-06-28,1606.28,2.55,96.36,14909.6,77.5759
2013-07-01,1614.96,,97.94,14974.96,77.4363
2013-07-02,1614.08,,99.65,14932.41,77.7689
2013-07-03,1615.41,,101.92,14988.55,77.6792
2013-07-04,,,,,
2013-07-05,1631.89,2.56,103.09,15135.84,78.5419
2013-07-08,1640.46,,103.03,15224.69,78.4896
2013-07-09,1652.32,,103.46,15300.34,78.6603
2013-07-10,1652.62,,106.41,15291.66,78.2665
2013-07-11,1675.02,,104.77,15460.92,77.2222
2013-07-12,1680.19,2.64,105.85,15464.3,77.3177
2013-07-15,1682.5,,106.2,15484.26,77.4743
2013-07-16,1676.26,,105.88,15451.85,77.0024
2013-07-17,1680.91,,106.39,15470.52,77.2159
2013-07-18,1689.37,,107.94,15548.54,77.3286
2013-07-19,1692.09,2.54,108.0,15543.74,77.0027
2013-07-22,1695.53,,106.61,15545.55,76.6676
2013-07-23,1692.39,,107.13,15567.74,76.5782
2013-07-24,1685.94,,105.41,15542.24,76.5971
2013-07-25,1690.25,,105.47,15555.61,76.482
2013-07-26,1691.65,2.57,104.76,15558.83,76.2125
2013-07-29,1685.33,,104.61,15521.97,76.1225
2013-07-30,1685.96,,103.14,15520.59,76.3
2013-07-31,1685.73,,105.1,15499.54,76.3379
2013-08-01,1706.87,,107.93,15628.02,76.7693
2013-08-02,1709.67,2.64,106.94,15658.36,76.6438
2013-08-05,1707.14,,106.61,15612.13,76.6089
2013-08-06,1697.37,,105.32,15518.74,76.3636
2013-08-07,1690.91,,104.41,15470.67,76.1403
2013-08-08,1697.48,,103.45,15498.32,75.7145
2013-08-09,1691.42,2.62,106.04,15425.51,75.7771
2013-08-12,1689.47,,106.19,15419.68,75.8759
2013-08-13,1694.16,,106.78,15451.01,76.3892
2013-08-14,1685.39,,106.89,15337.66,76.2797
2013-08-15,1661.32,,107.43,15112.19,76.2561
2013-08-16,1655.83,2.73,107.58,15081.47,76.0466
2013-08-19,1646.06,,107.14,15010.74,75.9941
2013-08-20,1652.35,,104.9,15002.99,75.785
2013-08-21,1642.8,,103.93,14897.55,76.1674
2013-08-22,1656.96,,104.93,14963.74,76.4708
2013-08-23,1663.5,2.86,106.48,15010.51,76.3938
2013-08-26,1656.78,,105.88,14946.46,76.472
2013-08-27,1630.48,,109.11,14776.13,76.2634
2013-08-28,1634.96,,110.17,14824.51,76.4364
2013-08-29,1638.17,,108.51,14840.95,76.8947
2013-08-30,1632.97,2.76,107.98,14810.31,77.0156
2013-09-02,,,,,
2013-09-03,1639.77,,108.67,14833.96,77.1378
2013-09-04,1653.08,,107.29,14930.87,76.8683
2013-09-05,1655.08,,108.5,14937.48,77.2439
2013-09-06,1655.17,2.92,110.62,14922.5,76.7215
2013-09-09,1671.71,,109.62,15063.12,76.4425
2013-09-10,1683.99,,107.48,15191.06,76.4955
2013-09-11,1689.13,,107.65,15326.6,76.2943
2013-09-12,1683.42,,108.72,15300.64,76.1183
2013-09-13,1687.99,2.92,108.31,15376.06,76.2802
2013-09-16,1697.6,,106.54,15494.78,75.9352
2013-09-17,1704.76,,105.36,15529.73,75.8849
2013-09-18,1725.52,,108.23,15676.94,75.9091
2013-09-19,1722.34,,106.26,15636.55,75.2753
2013-09-20,1709.91,2.79,104.7,15451.09,75.4186
2013-09-23,1701.84,,103.62,15401.38,75.3298
2013-09-24,1697.42,,103.22,15334.59,75.4414
2013-09-25,1692.77,,102.68,15273.26,75.2936
2013-09-26,1698.67,,103.1,15328.3,75.5464
2013-09-27,1691.75,2.66,102.86,15258.24,75.2496
2013-09-30,1681.55,,102.36,15129.67,75.1935
2013-10-01,1695.0,,102.09,15191.7,75.2495
2013-10-02,1693.87,,104.15,15133.14,75.0209
2013-10-03,1678.66,,103.29,14996.48,74.8607
2013-10-04,1690.5,2.64,103.83,15072.58,75.0307
2013-10-07,1676.12,,103.07,14936.24,75.0337
2013-10-08,1655.45,,103.54,14776.53,75.0383
2013-10-09,1656.4,,101.63,14802.98,75.4509
2013-10-10,1692.56,,103.08,15126.07,75.463
2013-10-11,1703.2,2.68,102.17,15237.11,75.4592
2013-10-14,1710.14,,102.46,15301.26,
2013-10-15,1698.06,,101.15,15168.01,75.5979
2013-10-16,1721.54,,102.34,15373.83,75.6153
2013-10-17,1733.15,,100.72,15371.65,74.8022
2013-10-18,1744.5,2.66,100.87,15399.65,74.718
2013-10-21,1744.66,,99.28,15392.2,74.841
2013-10-22,1754.67,,97.63,15467.66,74.5269
2013-10-23,1746.38,,96.9,15413.33,74.6405
2013-10-24,1752.07,,96.65,15509.21,74.6755
2013-10-25,1759.77,2.55,97.4,15570.28,74.7973
2013-10-28,1762.11,,98.74,15568.93,74.8499
2013-10-29,1771.95,,98.29,15680.35,74.994
2013-10-30,1763.31,,96.81,15618.76,75.004
2013-10-31,1756.54,,96.29,15545.75,75.3804
2013-11-01,1761.64,2.57,94.56,15615.55,75.8158
2013-11-04,1767.93,,94.58,15639.12,75.6371
2013-11-05,1762.97,,93.4,15618.22,75.7861
2013-11-06,1770.49,,94.74,15746.88,75.5629
2013-11-07,1747.15,,94.25,15593.98,75.9587
2013-11-08,1770.61,2.68,94.56,15761.78,76.2562
2013-11-11,1771.89,,95.13,15783.1,
2013-11-12,1767.69,,93.12,15750.67,76.2498
2013-11-13,1782.0,,93.91,15821.63,76.0229
2013-11-14,1790.62,,93.76,15876.22,76.1136
2013-11-15,1798.18,2.74,93.8,15961.7,76.0106
2013-11-18,1791.53,,93.03,15976.02,75.8135
2013-11-19,1787.87,,93.35,15967.03,75.8915
2013-11-20,1781.37,,93.34,15900.82,76.0138
2013-11-21,1795.85,,95.35,16009.99,76.2372
2013-11-22,1804.76,2.74,94.53,16064.77,76.131
2013-11-25,1802.48,,93.86,16072.54,76.363
2013-11-26,1802.75,,93.41,16072.8,76.1717
2013-11-27,1807.23,,92.05,16097.33,76.3365
2013-11-28,,,,,
2013-11-29,1805.81,2.74,92.55,16086.41,76.206
2013-12-02,1800.9,,93.61,16008.77,76.4854
2013-12-03,1795.15,,95.83,15914.62,76.3022
2013-12-04,1792.81,,96.97,15889.77,76.5582
2013-12-05,1785.03,,97.14,15821.51,76.0863
2013-12-06,1805.09,2.84,97.48,16020.2,76.1912
2013-12-09,1808.37,,97.1,16025.53,76.0775
2013-12-10,1802.62,,98.32,15973.13,
2013-12-11,1782.22,,97.25,15843.53,75.7402
2013-12-12,1775.5,,97.21,15739.43,76.0825
2013-12-13,1775.32,2.86,96.27,15755.36,76.0636
2013-12-16,1786.54,,97.18,15884.57,75.8953
2013-12-17,1781.0,,96.99,15875.26,75.9864
2013-12-18,1810.65,,97.59,16167.97,76.0346
2013-12-19,1809.6,,98.4,16179.08,76.4793
2013-12-20,1818.32,2.89,99.11,16221.14,76.4481
2013-12-23,1827.99,,98.62,16294.61,76.2129
2013-12-24,1833.32,,98.87,16357.55,76.3311
2013-12-25,,,,,
2013-12-26,1842.02,,99.18,16479.88,76.4029
2013-12-27,1841.4,2.99,99.94,16478.41,76.324
2013-12-30,1841.07,,98.9,16504.29,76.0452
2013-12-31,1848.36,,98.17,16576.66,76.1421
2014-01-01,,,,,
2014-01-02,1831.98,,95.14,16441.35,76.426
2014-01-03,1831.37,3.01,93.66,16469.99,76.4948
2014-01-06,1826.77,,93.12,16425.1,76.5215
2014-01-07,1837.88,,93.31,16530.94,76.7806
2014-01-08,1837.49,,91.9,16462.74,77.0161
2014-01-09,1838.13,,91.36,16444.76,77.0904
2014-01-10,1842.37,2.96,92.39,16437.05,76.9301
2014-01-13,1819.2,,91.45,16257.94,76.8045
2014-01-14,1838.88,,92.15,16373.86,76.8901
2014-01-15,1848.38,,93.78,16481.94,77.2014
2014-01-16,1845.89,,93.54,16417.01,77.2249
2014-01-17,1838.7,2.86,93.96,16458.56,77.378
2014-01-20,,,,,
2014-01-21,1843.8,,94.51,16414.44,77.3517
2014-01-22,1844.86,,96.35,16373.34,77.5699
2014-01-23,1828.46,,97.23,16197.35,77.2629
2014-01-24,1790.29,2.82,96.66,15879.11,77.0342
2014-01-27,1781.56,,95.82,15837.88,77.0484
2014-01-28,1792.5,,97.49,15928.56,77.2545
2014-01-29,1774.2,,97.34,15738.79,77.1836
2014-01-30,1794.19,,98.25,15848.61,77.6308
2014-01-31,1782.59,2.73,97.55,15698.85,77.5941
2014-02-03,1741.89,,96.44,15372.8,77.3548
2014-02-04,1755.2,,97.24,15445.24,77.3861
2014-02-05,1751.64,,97.4,15440.23,77.4233
2014-02-06,1773.43,,97.84,15628.53,77.1615
2014-02-07,1797.02,2.68,99.98,15794.08,77.071
2014-02-10,1799.84,,100.12,15801.79,77.0372
2014-02-11,1819.75,,99.96,15994.77,76.9699
2014-02-12,1819.26,,100.38,15963.94,77.0049
2014-02-13,1829.83,,100.27,16027.59,76.744
2014-02-14,1838.63,2.75,100.31,16154.39,76.6076
2014-02-17,,,,,
2014-02-18,1840.76,,102.54,16130.4,76.4516
2014-02-19,1828.75,,103.46,16040.56,76.6246
2014-02-20,1839.78,,103.2,16133.23,76.9714
2014-02-21,1836.25,2.73,102.53,16103.3,76.9908
2014-02-24,1847.61,,103.17,16207.14,76.7365
2014-02-25,1845.12,,102.2,16179.66,76.7323
2014-02-26,1845.16,,102.93,16198.41,77.0502
2014-02-27,1854.29,,102.68,16272.65,76.9047
2014-02-28,1859.45,2.69,102.88,16321.71,76.539
2014-03-03,1845.73,,105.34,16168.03,76.6062
2014-03-04,1873.91,,103.64,16395.88,76.8497
2014-03-05,1873.81,,101.75,16360.18,76.6941
2014-03-06,1877.03,,101.82,16421.89,76.2899
2014-03-07,1878.04,2.71,102.82,16452.72,76.537
2014-03-10,1877.17,,101.39,16418.68,76.5703
2014-03-11,1867.63,,100.29,16351.25,76.5542
2014-03-12,1868.2,,98.29,16340.08,76.5197
2014-03-13,1846.34,,98.57,16108.89,76.2038
2014-03-14,1841.13,2.72,99.23,16065.67,76.2135
2014-03-17,1858.83,,98.43,16247.22,76.1372
2014-03-18,1872.25,,100.08,16336.19,76.2344
2014-03-19,1860.77,,100.71,16222.17,76.4289
2014-03-20,1872.01,,99.68,16331.05,77.0467
2014-03-21,1866.52,2.74,99.97,16302.77,76.9266
2014-03-24,1857.44,,100.05,16276.69,76.9537
2014-03-25,1865.62,,99.66,16367.88,76.894
2014-03-26,1852.56,,100.61,16268.99,76.768
2014-03-27,1849.04,,101.25,16264.23,76.6186
2014-03-28,1857.62,2.72,101.73,16323.06,76.7372
2014-03-31,1872.34,,101.57,16457.66,76.6267
2014-04-01,1885.52,,99.69,16532.61,76.5809
2014-04-02,1890.9,,99.6,16573.0,76.7442
2014-04-03,1888.77,,100.29,16572.55,76.937
2014-04-04,1865.09,2.77,101.16,16412.71,76.7472
2014-04-07,1845.04,,100.43,16245.87,76.5827
2014-04-08,1851.96,,102.57,16256.14,76.1626
2014-04-09,1872.18,,103.55,16437.18,76.0568
2014-04-10,1833.08,,103.37,16170.22,75.8249
2014-04-11,1815.69,2.68,103.68,16026.75,75.9416
2014-04-14,1830.61,,104.05,16173.24,76.1601
2014-04-15,1842.98,,103.7,16262.56,76.2336
2014-04-16,1862.31,,103.71,16424.85,76.349
2014-04-17,1864.85,,104.33,16408.54,76.2569
2014-04-18,,2.67,,,76.3858
2014-04-21,1871.89,,104.35,16449.25,76.4592
2014-04-22,1879.55,,101.69,16514.37,76.4151
2014-04-23,1875.39,,101.47,16501.65,76.4061
2014-04-24,1878.61,,102.2,16501.65,76.3594
2014-04-25,1863.4,2.71,100.85,16361.46,76.3353
2014-04-28,1869.43,,101.13,16448.74,76.337
2014-04-29,1878.33,,101.56,16535.37,76.2961
2014-04-30,1883.95,,100.07,16580.84,76.0492
2014-05-01,1883.68,,99.69,16558.87,76.0854
2014-05-02,1881.14,2.66,100.09,16512.89,76.1282
2014-05-05,1884.66,,99.74,16530.55,76.0115
2014-05-06,1867.72,,99.81,16401.02,75.6645
2014-05-07,1878.21,,101.06,16518.54,75.7175
2014-05-08,1875.63,,100.52,16550.97,75.7546
2014-05-09,1878.48,2.62,100.32,16583.34,76.1464
2014-05-12,1896.65,,100.89,16695.47,76.1646
2014-05-13,1897.45,,102.01,16715.44,76.3088
2014-05-14,1888.53,,102.63,16613.97,76.2502
2014-05-15,1870.85,,101.74,16446.81,76.2404
2014-05-16,1877.86,2.57,102.31,16491.31,76.2315
2014-05-19,1885.08,,102.95,16511.86,76.1559
2014-05-20,1872.83,,102.8,16374.31,76.2763
2014-05-21,1888.03,,104.31,16533.06,76.4822
2014-05-22,1892.49,,104.03,16543.08,76.4536
2014-05-23,1900.53,2.54,105.01,16606.27,76.4879
2014-05-26,,,,,
2014-05-27,1911.91,,104.78,16675.5,76.5466
2014-05-28,1909.78,,103.37,16633.18,76.5922
2014-05-29,1920.03,,104.26,16698.74,76.458
2014-05-30,1923.57,2.47,103.4,16717.17,76.4505
2014-06-02,1924.97,,103.07,16743.63,76.6675
2014-06-03,1924.24,,103.34,16722.34,76.6785
2014-06-04,1927.88,,103.27,16737.53,76.7542
2014-06-05,1940.46,,103.17,16836.11,76.6955
2014-06-06,1949.44,2.59,103.32,16924.28,76.6459
2014-06-09,1951.27,,105.09,16943.1,76.7179
2014-06-10,1950.79,,105.02,16945.92,76.8393
2014-06-11,1943.89,,105.04,16843.88,76.697
2014-06-12,1930.11,,107.2,16734.19,76.5622
2014-06-13,1936.16,2.62,107.49,16775.74,76.6742
2014-06-16,1937.78,,107.52,16781.01,76.4505
2014-06-17,1941.99,,106.95,16808.49,76.6061
2014-06-18,1956.98,,106.64,16906.62,76.592
2014-06-19,1959.48,,107.08,16921.46,76.2929
2014-06-20,1962.87,2.63,107.95,16947.08,76.3054
2014-06-23,1962.61,,106.83,16937.26,76.1756
2014-06-24,1949.98,,106.64,16818.13,76.2585
2014-06-25,1959.53,,107.04,16867.51,76.0454
2014-06-26,1957.22,,106.49,16846.13,76.0602
2014-06-27,1960.96,2.57,106.46,16851.84,75.9147
2014-06-30,1960.23,,106.07,16826.6,75.7123
2014-07-01,1973.32,,106.06,16956.07,75.6811
2014-07-02,1974.62,,105.18,16976.24,75.806
2014-07-03,1985.44,,104.76,17068.26,75.9433
2014-07-04,,2.6,,,
2014-07-07,1977.65,,104.19,17024.21,75.987
2014-07-08,1963.71,,104.06,16906.62,75.9451
2014-07-09,1972.83,,102.93,16985.61,75.867
2014-07-10,1964.68,,103.61,16915.07,75.9094
2014-07-11,1967.57,2.57,101.48,16943.81,76.0593
2014-07-14,1977.1,,101.73,17055.42,76.046
2014-07-15,1973.28,,100.56,17060.68,76.2454
2014-07-16,1981.57,,101.88,17138.2,76.3329
2014-07-17,1958.12,,103.84,16976.81,76.3008
2014-07-18,1978.22,2.53,103.83,17100.18,76.3269
2014-07-21,1973.63,,105.34,17051.73,76.3024
2014-07-22,1983.53,,104.59,17113.54,76.4769
2014-07-23,1987.01,,103.81,17086.63,76.4726
2014-07-24,1987.98,,102.76,17083.8,76.5247
2014-07-25,1978.34,2.49,105.23,16960.57,76.7712
2014-07-28,1978.91,,105.68,16982.59,76.7133
2014-07-29,1969.95,,104.91,16912.11,76.9616
2014-07-30,1970.07,,104.29,16880.36,77.284
2014-07-31,1930.67,,98.23,16563.3,77.2063
2014-08-01,1925.15,2.53,97.86,16493.37,77.1301
2014-08-04,1938.99,,98.26,16569.28,77.1807
2014-08-05,1920.21,,97.34,16429.47,77.4409
2014-08-06,1920.24,,96.93,16443.34,77.3369
2014-08-07,1909.57,,97.34,16368.27,77.2807
2014-08-08,1931.59,2.47,97.61,16553.93,77.2866
2014-08-11,1936.92,,98.09,16569.98,77.2732
2014-08-12,1933.75,,97.36,16560.54,77.3689
2014-08-13,1946.72,,97.57,16651.8,77.3755
2014-08-14,1955.18,,95.54,16713.58,77.2942
2014-08-15,1955.06,2.41,97.3,16662.91,77.2219
2014-08-18,1971.74,,96.44,16838.74,77.2932
2014-08-19,1981.6,,94.35,16919.59,77.5529
2014-08-20,1986.51,,96.4,16979.13,77.7343
2014-08-21,1992.37,,93.97,17039.49,77.8051
2014-08-22,1988.4,2.41,93.61,17001.22,77.9544
2014-08-25,1997.92,,95.39,17076.87,78.0904
2014-08-26,2000.02,,95.78,17106.7,78.0966
2014-08-27,2000.12,,95.82,17122.01,77.9372
2014-08-28,1996.74,,96.44,17079.57,77.8764
2014-08-29,2003.37,2.37,97.86,17098.45,77.9776
2014-09-01,,,,,
2014-09-02,2002.28,,92.92,17067.56,78.3587
2014-09-03,2000.72,,95.5,17078.28,78.1998
2014-09-04,1997.65,,94.51,17069.58,78.8074
2014-09-05,2007.71,2.44,93.32,17137.36,78.7697
2014-09-08,2001.54,,92.64,17111.42,79.0468
2014-09-09,1988.44,,92.73,17013.87,79.437
2014-09-10,1995.69,,91.71,17068.71,79.3746
2014-09-11,1997.45,,92.89,17049.0,79.4497
2014-09-12,1985.54,2.54,92.18,16987.51,79.5433
2014-09-15,1984.13,,92.86,17031.14,79.4974
2014-09-16,1998.98,,94.91,17131.97,79.2236
2014-09-17,2001.57,,94.33,17156.85,79.2843
2014-09-18,2011.36,,93.07,17265.99,79.4921
2014-09-19,2010.4,2.61,92.43,17279.74,79.8223
2014-09-22,1994.29,,91.46,17172.68,79.9205
2014-09-23,1982.77,,91.55,17055.87,79.9367
2014-09-24,1998.3,,93.6,17210.06,80.2143
2014-09-25,1965.99,,93.59,16945.8,80.3703
2014-09-26,1982.85,2.55,95.55,17113.15,80.7703
2014-09-29,1977.8,,94.53,17071.22,80.6812
2014-09-30,1972.29,,91.17,17042.9,81.0756
2014-10-01,1946.16,,90.74,16804.71,80.9928
2014-10-02,1946.17,,91.02,16801.05,80.6819
2014-10-03,1967.9,2.47,89.76,17009.69,81.6336
2014-10-06,1964.82,,90.33,16991.91,81.1335
2014-10-07,1935.1,,88.89,16719.39,80.9357
2014-10-08,1968.89,,87.29,16994.22,80.8064
2014-10-09,1928.21,,85.76,16659.25,80.6583
2014-10-10,1906.13,2.36,85.87,16544.1,80.8601
2014-10-13,1874.74,,85.73,16321.07,
2014-10-14,1877.7,,81.72,16315.19,80.8926
2014-10-15,1862.49,,81.82,16141.74,80.5238
2014-10-16,1862.76,,82.33,16117.24,80.3286
2014-10-17,1886.76,2.19,82.8,16380.41,80.5278
2014-10-20,1904.01,,82.76,16399.67,80.4982
2014-10-21,1941.28,,83.25,16614.81,80.5279
2014-10-22,1927.11,,80.52,16461.32,80.8094
2014-10-23,1950.82,,82.81,16677.9,80.9594
2014-10-24,1964.58,2.25,81.27,16805.41,80.8109
2014-10-27,1961.63,,81.26,16817.94,80.7399
2014-10-28,1985.05,,81.36,17005.75,80.5117
2014-10-29,1982.3,,82.25,16974.31,80.3787
2014-10-30,1994.65,,81.06,17195.42,81.0528
2014-10-31,2018.05,2.32,80.53,17390.52,81.8583
2014-11-03,2017.81,,78.77,17366.24,82.3088
2014-11-04,2012.1,,77.15,17383.84,82.2142
2014-11-05,2023.57,,78.71,17484.53,82.5232
2014-11-06,2031.21,,77.87,17554.47,82.9246
2014-11-07,2031.92,2.36,78.71,17573.93,82.7461
2014-11-10,2038.26,,77.43,17613.74,82.7006
2014-11-11,2039.68,,77.85,17614.9,
2014-11-12,2038.25,,77.16,17612.2,82.5341
2014-11-13,2039.33,,74.13,17652.79,82.6806
2014-11-14,2039.82,2.36,75.91,17634.74,82.6243
2014-11-17,2041.32,,75.64,17647.75,82.7956
2014-11-18,2051.8,,74.55,17687.82,82.5553
2014-11-19,2048.72,,74.55,17685.73,82.7301
2014-11-20,2052.75,,75.63,17719.0,82.7627
2014-11-21,2063.5,2.33,76.52,17810.06,82.9417
2014-11-24,2069.41,,75.74,17817.9,83.0047
2014-11-25,2067.03,,74.04,17814.94,82.8118
2014-11-26,2072.83,,73.7,17827.75,82.5859
2014-11-27,,,,,
2014-11-28,2067.56,2.25,65.94,17828.24,83.3705
2014-12-01,2053.44,,68.98,17776.8,82.9377
2014-12-02,2066.55,,66.99,17879.55,83.5228
2014-12-03,2074.33,,67.3,17912.62,83.7594
2014-12-04,2071.92,,66.73,17900.1,83.3877
2014-12-05,2075.37,2.27,65.89,17958.79,84.1257
2014-12-08,2060.31,,63.13,17852.48,84.219
2014-12-09,2059.82,,63.74,17801.2,83.4866
2014-12-10,2026.14,,60.99,17533.15,83.5567
2014-12-11,2035.33,,60.01,17596.34,83.8522
2014-12-12,2002.33,2.19,57.81,17280.83,83.4711
2014-12-15,1989.63,,55.96,17180.84,83.7107
2014-12-16,1972.74,,55.97,17068.87,83.5181
2014-12-17,2012.89,,56.43,17356.87,83.91
2014-12-18,2061.23,,54.18,17778.15,84.315
2014-12-19,2070.65,2.14,56.91,17804.8,84.6676
2014-12-22,2078.54,,55.25,17959.44,84.6852
2014-12-23,2082.17,,56.78,18024.17,85.0083
2014-12-24,2081.88,,55.7,18030.21,84.9349
2014-12-25,,,,,
2014-12-26,2088.77,2.24,54.59,18053.71,
2014-12-29,2090.57,,53.46,18038.23,85.0006
2014-12-30,2080.35,,54.14,17983.07,84.7628
2014-12-31,2058.9,,53.45,17823.07,85.0652
2015-01-01,,,53.45,,
2015-01-02,2058.2,2.18,52.72,17832.99,85.7577
2015-01-05,2020.58,,50.05,17501.65,86.2016
2015-01-06,2002.61,,47.98,17371.64,86.0471
2015-01-07,2025.9,,48.69,17584.52,86.7411
2015-01-08,2062.14,,48.8,17907.87,86.6519
2015-01-09,2044.81,2.0,48.35,17737.37,86.5625
2015-01-12,2028.26,,46.06,17640.84,86.6687
2015-01-13,2023.03,,45.92,17613.68,86.8629
2015-01-14,2011.27,,48.49,17427.09,86.6097
2015-01-15,1992.67,,46.37,17320.71,86.705
2015-01-16,2019.42,1.86,48.49,17511.57,86.9265
2015-01-19,,,,,
2015-01-20,2022.55,,46.79,17515.23,87.2325
2015-01-21,2032.12,,47.85,17554.28,87.6474
2015-01-22,2063.15,,45.93,17813.98,88.232
2015-01-23,2051.82,1.85,45.26,17672.6,88.8135
2015-01-26,2057.09,,44.8,17678.7,88.933
2015-01-27,2029.55,,45.84,17387.21,88.5382
2015-01-28,2002.16,,44.08,17191.37,88.7602
2015-01-29,2021.25,,44.12,17416.85,89.5227
2015-01-30,1994.99,1.77,47.79,17164.95,89.6269
2015-02-02,2020.85,,49.25,17361.04,89.1999
2015-02-03,2050.03,,53.04,17666.4,88.5294
2015-02-04,2041.51,,48.45,17673.02,88.8298
2015-02-05,2062.52,,50.48,17884.88,88.4552
2015-02-06,2055.47,1.81,51.66,17824.29,89.2113
2015-02-09,2046.74,,52.99,17729.21,89.0743
2015-02-10,2068.59,,50.06,17868.76,89.2924
2015-02-11,2068.53,,48.8,17862.14,89.7245
2015-02-12,2088.48,,51.17,17972.38,88.7701
2015-02-13,2096.99,2.0,52.66,18019.35,88.7433
2015-02-16,,,,,
2015-02-17,2100.34,,53.56,18047.58,
2015-02-18,2099.68,,52.13,18029.85,89.059
2015-02-19,2097.45,,51.12,17985.77,88.9089
2015-02-20,2110.3,2.11,49.95,18140.44,88.991
2015-02-23,2109.66,,49.56,18116.84,89.2486
2015-02-24,2115.48,,48.48,18209.19,89.4719
2015-02-25,2113.86,,50.25,18224.57,88.8158
2015-02-26,2110.74,,47.65,18214.42,89.5837
2015-02-27,2104.5,2.01,49.84,18132.7,89.6803
2015-03-02,2117.39,,49.59,18288.63,89.857
2015-03-03,2107.78,,50.43,18203.37,89.5246
2015-03-04,2098.53,,51.53,18096.9,90.096
2015-03-05,2101.04,,50.76,18135.72,
2015-03-06,2071.26,2.13,49.61,17856.78,91.5446
2015-03-09,2079.43,,49.95,17995.72,91.5574
2015-03-10,2044.16,,48.42,17662.94,92.199
2015-03-11,2040.24,,48.06,17635.39,93.091
2015-03-12,2065.95,,47.12,17895.22,92.7449
2015-03-13,2053.4,2.14,44.88,17749.31,93.4008
2015-03-16,2081.19,,43.93,17977.42,93.1269
2015-03-17,2074.28,,43.39,17849.08,93.0676
2015-03-18,2099.5,,44.63,18076.19,92.8928
2015-03-19,2089.27,,44.02,17959.03,92.8746
2015-03-20,2108.1,2.0,46.0,18127.65,91.6875
2015-03-23,2104.42,,47.4,18116.04,90.9113
2015-03-24,2091.5,,47.03,18011.14,90.98
2015-03-25,2061.05,,48.75,17718.54,90.6375
2015-03-26,2056.15,,51.41,17678.23,90.8036
2015-03-27,2061.02,1.94,48.83,17712.66,91.1357
2015-03-30,2086.24,,48.66,17976.31,91.8314
2015-03-31,2067.89,,47.72,17776.12,92.0599
2015-04-01,2059.69,,50.12,17698.18,91.7881
2015-04-02,2066.96,,49.13,17763.24,91.3544
2015-04-03,,1.91,49.13,,90.5271
2015-04-06,2080.62,,52.08,17880.85,90.4251
2015-04-07,2076.33,,53.95,17875.42,91.3037
2015-04-08,2081.9,,50.44,17902.51,91.347
2015-04-09,2091.18,,50.79,17958.73,92.2056
2015-04-10,2102.06,1.93,51.63,18057.65,92.5812
2015-04-13,2092.43,,51.95,17977.04,92.6684
2015-04-14,2095.84,,53.3,18036.7,91.8438
2015-04-15,2106.63,,56.25,18112.61,91.9237
2015-04-16,2104.99,,56.69,18105.77,90.8353
2015-04-17,2081.18,1.9,55.71,17826.3,90.7097
2015-04-20,2100.4,,56.37,18034.93,90.7896
2015-04-21,2097.29,,55.58,17949.59,90.9402
2015-04-22,2107.96,,56.17,18038.27,91.0597
2015-04-23,2112.93,,56.59,18058.69,90.5004
2015-04-24,2117.69,1.94,55.98,18080.14,90.1308
2015-04-27,2108.92,,55.56,18037.97,89.9196
2015-04-28,2114.76,,57.05,18110.14,89.319
2015-04-29,2106.85,,58.55,18035.53,88.3547
2015-04-30,2085.51,,59.62,17840.52,89.0096
2015-05-01,2108.29,2.03,59.1,18024.06,89.1848
2015-05-04,2114.49,,58.92,18070.4,89.1789
2015-05-05,2089.46,,60.38,17928.2,88.7973
2015-05-06,2080.15,,60.93,17841.98,88.0236
2015-05-07,2088.0,,58.99,17924.06,88.5882
2015-05-08,2116.1,2.19,59.41,18191.11,88.5252
2015-05-11,2105.33,,59.23,18105.17,88.8918
2015-05-12,2099.12,,60.72,18068.23,88.2035
2015-05-13,2098.48,,60.5,18060.49,87.5127
2015-05-14,2121.1,,59.89,18252.24,87.6232
2015-05-15,2122.73,2.24,59.73,18272.56,87.5059
2015-05-18,2129.2,,59.44,18298.88,88.1553
2015-05-19,2127.83,,57.3,18312.39,89.1839
2015-05-20,2125.85,,58.96,18285.4,89.5066
2015-05-21,2130.82,,60.18,18285.74,89.2143
2015-05-22,2126.06,2.23,58.88,18232.02,89.8915
2015-05-25,,,58.88,,
2015-05-26,2104.2,,57.29,18041.54,90.9928
2015-05-27,2123.48,,57.51,18162.99,91.1925
2015-05-28,2120.79,,57.69,18126.12,91.1521
2015-05-29,2107.39,2.13,60.25,18010.68,90.8242
2015-06-01,2111.73,,60.24,18040.37,91.4334
2015-06-02,2109.6,,61.3,18011.94,90.2311
2015-06-03,2114.07,,59.67,18076.27,89.6853
2015-06-04,2095.84,,58.0,17905.58,89.8962
2015-06-05,2092.83,2.31,59.11,17849.46,90.6846
2015-06-08,2079.28,,58.15,17766.55,90.0514
2015-06-09,2080.15,,60.15,17764.04,89.4579
2015-06-10,2105.2,,61.36,18000.4,89.0339
2015-06-11,2108.86,,60.74,18039.37,89.5025
2015-06-12,2094.11,2.42,59.96,17898.84,89.2021
2015-06-15,2084.43,,59.53,17791.17,89.3301
2015-06-16,2096.29,,60.01,17904.48,89.3969
2015-06-17,2100.44,,59.89,17935.74,89.3945
2015-06-18,2121.24,,60.41,18115.84,88.3599
2015-06-19,2109.99,2.32,59.62,18015.95,88.7238
2015-06-22,2122.85,,60.01,18119.78,88.6982
2015-06-23,2124.2,,61.05,18144.07,89.5408
2015-06-24,2108.58,,60.01,17966.07,89.8757
2015-06-25,2102.31,,59.59,17890.36,89.5816
2015-06-26,2101.49,2.41,59.41,17946.68,89.7886
2015-06-29,2057.64,,58.34,17596.35,89.5423
2015-06-30,2063.11,,59.48,17619.51,89.8171
2015-07-01,2077.42,,56.94,17757.91,90.4411
2015-07-02,2076.78,,56.93,17730.11,90.4697
2015-07-03,,2.38,56.93,,
2015-07-06,2068.76,,52.48,17683.58,90.594
2015-07-07,2081.34,,52.33,17776.91,91.3568
2015-07-08,2046.68,,51.61,17515.42,90.7657
2015-07-09,2051.31,,52.76,17548.62,91.0129
2015-07-10,2076.62,2.31,52.74,17760.41,90.6362
2015-07-13,2099.6,,52.19,17977.68,91.2646
2015-07-14,2108.95,,53.05,18053.58,91.1964
2015-07-15,2107.4,,51.4,18050.17,91.8313
2015-07-16,2124.29,,50.9,18120.25,92.0911
2015-07-17,2126.64,2.38,50.88,18086.45,92.4188
2015-07-20,2128.28,,50.11,18100.41,92.4286
2015-07-21,2119.21,,50.59,17919.29,92.0637
2015-07-22,2114.15,,49.27,17851.04,92.362
2015-07-23,2102.15,,48.11,17731.92,92.0648
2015-07-24,2079.65,2.32,47.98,17568.53,92.1666
2015-07-27,2067.64,,47.17,17440.59,91.4854
2015-07-28,2093.25,,47.97,17630.27,91.568
2015-07-29,2108.57,,48.77,17751.39,91.6246
2015-07-30,2108.63,,48.53,17745.98,92.3826
2015-07-31,2103.84,2.25,47.11,17689.86,91.9203
2015-08-03,2098.04,,45.25,17598.2,92.3936
2015-08-04,2093.32,,45.75,17550.69,92.362
2015-08-05,2099.84,,45.13,17540.47,92.9313
2015-08-06,2083.56,,44.69,17419.75,92.7097
2015-08-07,2077.57,2.22,43.87,17373.38,92.5141
2015-08-10,2104.18,,44.94,17615.17,92.2482
2015-08-11,2084.07,,43.11,17402.84,92.3403
2015-08-12,2086.05,,43.22,17402.51,91.212
2015-08-13,2083.39,,42.27,17408.25,91.6863
2015-08-14,2091.54,2.18,42.45,17477.4,91.7807
2015-08-17,2102.44,,41.93,17545.18,91.9286
2015-08-18,2096.92,,42.58,17511.34,92.0601
2015-08-19,2079.61,,40.75,17348.73,92.0872
2015-08-20,2035.73,,41.0,16990.69,91.311
2015-08-21,1970.89,2.12,40.45,16459.75,90.7105
2015-08-24,1893.21,,38.22,15871.35,89.6952
2015-08-25,1867.61,,39.15,15666.44,90.6506
2015-08-26,1940.51,,38.5,16285.51,90.7639
2015-08-27,1987.66,,42.47,16654.77,91.324
2015-08-28,1988.87,2.14,45.29,16643.01,91.7719
2015-08-31,1972.18,,49.2,16528.03,91.6432
2015-09-01,1913.85,,45.38,16058.35,91.1948
2015-09-02,1948.86,,46.3,16351.38,91.5646
2015-09-03,1951.13,,46.75,16374.76,91.8858
2015-09-04,1921.22,2.18,46.02,16102.38,91.9256
2015-09-07,,,46.02,,
2015-09-08,1969.41,,45.92,16492.68,91.5025
2015-09-09,1942.04,,44.13,16253.57,91.7519
2015-09-10,1952.29,,45.85,16330.4,91.3142
2015-09-11,1961.05,2.21,44.75,16433.09,91.1705
2015-09-14,1953.03,,44.07,16370.96,91.1326
2015-09-15,1978.09,,44.58,16599.85,91.4077
2015-09-16,1995.31,,47.12,16739.95,90.9984
2015-09-17,1990.2,,46.93,16674.74,91.0359
2015-09-18,1958.03,2.22,44.71,16384.58,90.5877
2015-09-21,1966.97,,46.67,16510.19,91.4764
2015-09-22,1942.74,,46.17,16330.47,91.8303
2015-09-23,1938.76,,44.53,16279.89,91.9342
2015-09-24,1932.24,,44.94,16201.32,91.6035
2015-09-25,1931.34,2.16,45.55,16314.67,91.9362
2015-09-28,1881.77,,44.4,16001.89,91.747
2015-09-29,1884.09,,45.24,16049.13,91.8065
2015-09-30,1920.03,,45.06,16284.7,92.1031
2015-10-01,1923.82,,44.75,16272.01,91.6013
2015-10-02,1951.36,2.05,45.54,16472.37,91.23
2015-10-05,1987.05,,46.28,16776.43,91.3642
2015-10-06,1979.92,,48.53,16790.19,90.978
2015-10-07,1995.83,,47.86,16912.29,90.9149
2015-10-08,2013.43,,49.46,17050.75,90.7481
2015-10-09,2014.89,2.09,49.67,17084.49,90.3207
2015-10-12,2017.46,,47.09,17131.86,
2015-10-13,2003.69,,46.7,17081.89,90.3162
2015-10-14,1994.24,,46.63,16924.75,89.9491
2015-10-15,2023.86,,46.38,17141.75,89.7123
2015-10-16,2033.11,2.03,47.3,17215.97,90.1586
2015-10-19,2033.66,,45.91,17230.54,90.4193
2015-10-20,2030.77,,45.84,17217.11,90.2639
2015-10-21,2018.94,,45.22,17168.61,90.6328
2015-10-22,2052.51,,44.9,17489.16,91.4164
2015-10-23,2075.15,2.06,43.91,17646.7,92.1375
2015-10-26,2071.18,,43.19,17623.05,91.9033
2015-10-27,2065.89,,43.21,17581.43,92.0949
2015-10-28,2090.35,,45.93,17779.52,91.9116
2015-10-29,2089.41,,46.02,17755.8,92.4444
2015-10-30,2079.36,2.11,46.6,17663.54,91.8307
2015-11-02,2104.05,,46.12,17828.76,91.9118
2015-11-03,2109.79,,47.88,17918.15,92.3006
2015-11-04,2102.31,,46.32,17867.58,92.7765
2015-11-05,2099.93,,45.27,17863.43,92.8565
2015-11-06,2099.2,2.26,44.32,17910.33,93.9096
2015-11-09,2078.58,,43.87,17730.48,93.6996
2015-11-10,2081.72,,44.23,17758.21,94.0156
2015-11-11,2075.0,,42.95,17702.22,
2015-11-12,2045.97,,41.74,17448.07,93.6685
2015-11-13,2023.04,2.32,40.69,17245.24,93.9256
2015-11-16,2053.19,,41.68,17483.01,94.041
2015-11-17,2050.44,,40.73,17489.5,94.3209
2015-11-18,2083.58,,40.75,17737.16,94.3881
2015-11-19,2081.24,,40.55,17732.75,93.6043
2015-11-20,2089.17,2.26,39.39,17823.81,94.139
2015-11-23,2086.59,,39.27,17792.68,94.4826
2015-11-24,2089.14,,40.89,17812.19,94.1376
2015-11-25,2088.87,,41.22,17813.39,94.2719
2015-11-26,,,41.22,,
2015-11-27,2090.11,2.24,40.57,17798.49,94.5733
2015-11-30,2080.41,,40.43,17719.92,94.6528
2015-12-01,2102.63,,40.58,17888.35,94.4438
2015-12-02,2079.51,,39.93,17729.68,94.7289
2015-12-03,2049.62,,41.08,17477.67,93.359
2015-12-04,2091.69,2.23,40.0,17847.63,93.3429
2015-12-07,2077.07,,37.64,17730.51,93.8651
2015-12-08,2063.59,,37.46,17568.0,93.8934
2015-12-09,2047.62,,37.16,17492.3,93.2645
2015-12-10,2052.23,,36.76,17574.75,93.3286
2015-12-11,2012.37,2.21,35.65,17265.21,93.2573
2015-12-14,2021.94,,36.31,17368.5,93.2336
2015-12-15,2043.41,,37.32,17524.91,93.8606
2015-12-16,2073.07,,35.55,17749.09,93.9207
2015-12-17,2041.89,,34.98,17495.84,94.9732
2015-12-18,2005.55,2.25,34.72,17128.55,94.391
2015-12-21,2021.15,,34.55,17251.62,94.3218
2015-12-22,2038.97,,36.12,17417.27,93.9978
2015-12-23,2064.29,,36.76,17602.61,94.2356
2015-12-24,2060.99,,37.62,17552.17,93.7658
2015-12-25,,2.24,37.6,,
2015-12-28,2056.5,,36.36,17528.27,93.7863
2015-12-29,2078.36,,37.88,17720.98,94.006
2015-12-30,2063.36,,36.59,17603.87,94.0808
2015-12-31,2043.94,,37.13,17425.03,94.2472
2016-01-01,,2.29,37.13,,
2016-01-04,2012.66,,36.81,17148.94,94.6663
2016-01-05,2016.71,,35.97,17158.66,94.9326
2016-01-06,1990.26,,33.97,16906.51,95.0333
2016-01-07,1943.09,,33.29,16514.1,94.577
2016-01-08,1922.03,2.19,33.2,16346.45,94.6521
2016-01-11,1923.67,,31.42,16398.57,94.727
2016-01-12,1938.68,,30.42,16516.22,95.1846
2016-01-13,1890.28,,30.42,16151.41,95.0987
2016-01-14,1921.84,,31.22,16379.05,95.2875
2016-01-15,1880.33,2.1,29.45,15988.08,95.1338
2016-01-18,,,,,
2016-01-19,1881.33,,28.47,16016.02,95.4751
2016-01-20,1859.33,,26.68,15766.74,95.4884
2016-01-21,1868.99,,29.55,15882.68,95.2326
2016-01-22,1906.9,2.04,32.07,16093.51,95.1776
2016-01-25,1877.08,,30.31,15885.22,
2016-01-26,1903.63,,29.54,16167.23,
2016-01-27,1882.95,,32.32,15944.46,94.854
2016-01-28,1893.36,,33.21,16069.64,94.5195
2016-01-29,1940.24,2.0,33.66,16466.3,95.3746
2016-02-01,1939.38,,31.62,16449.18,94.9287
2016-02-02,1903.03,,29.9,16153.54,94.8171
2016-02-03,1912.53,,32.29,16336.66,93.4923
2016-02-04,1915.45,,31.63,16416.58,92.5278
2016-02-05,1880.05,1.89,30.86,16204.97,93.1859
2016-02-08,1853.44,,29.71,16027.05,92.9784
2016-02-09,1852.21,,27.96,16014.38,92.225
2016-02-10,1851.86,,27.54,15914.74,92.6147
2016-02-11,1829.08,,26.19,15660.18,91.765
2016-02-12,1864.78,1.71,29.32,15973.84,92.1875
2016-02-15,,,,,
2016-02-16,1895.58,,29.05,16196.41,92.8133
2016-02-17,1926.82,,30.68,16453.83,92.5043
2016-02-18,1917.83,,30.77,16413.43,92.6647
2016-02-19,1917.78,1.78,29.59,16391.99,92.5236
2016-02-22,1945.5,,31.37,16620.66,92.8785
2016-02-23,1921.27,,31.84,16431.78,93.0056
2016-02-24,1929.8,,30.35,16484.99,92.8815
2016-02-25,1951.7,,31.4,16697.29,92.6798
2016-02-26,1948.05,1.75,31.65,16639.97,93.1882
2016-02-29,1932.23,,32.74,16516.5,93.2101
2016-03-01,1978.35,,34.39,16865.08,93.1934
2016-03-02,1986.45,,34.57,16899.32,93.2026
2016-03-03,1993.4,,34.56,16943.9,92.5766
2016-03-04,1999.99,1.82,35.91,17006.77,92.2166
2016-03-07,2001.76,,37.9,17073.95,92.118
2016-03-08,1979.26,,36.67,16964.1,92.0882
2016-03-09,1989.26,,37.62,17000.36,91.8408
2016-03-10,1989.57,,37.77,16995.13,91.5824
2016-03-11,2022.19,1.91,38.51,17213.31,91.1559
2016-03-14,2019.64,,37.2,17229.13,91.6314
2016-03-15,2015.93,,36.32,17251.53,91.7412
2016-03-16,2027.22,,38.43,17325.76,92.0399
2016-03-17,2040.59,,40.17,17481.49,89.8565
2016-03-18,2049.58,1.93,39.47,17602.3,89.9368
2016-03-21,2051.6,,39.91,17623.87,90.2985
2016-03-22,2049.8,,41.45,17582.57,90.4955
2016-03-23,2036.71,,38.28,17502.59,91.1568
2016-03-24,2035.94,,38.14,17515.73,91.3394
2016-03-25,,1.91,,,91.3881
2016-03-28,2037.05,,37.99,17535.39,91.0155
2016-03-29,2055.01,,36.91,17633.11,90.9598
2016-03-30,2063.95,,36.91,17716.66,89.9472
2016-03-31,2059.74,,36.94,17685.09,89.7171
2016-04-01,2072.78,1.82,35.36,17792.75,89.9376
2016-04-04,2066.13,,34.3,17737.0,89.7926
2016-04-05,2045.17,,34.52,17603.32,90.0674
2016-04-06,2066.66,,37.74,17716.05,89.5687
2016-04-07,2041.91,,37.3,17541.96,89.7561
2016-04-08,2047.6,1.74,39.74,17576.96,89.3861
2016-04-11,2041.99,,40.46,17556.41,89.0725
2016-04-12,2061.72,,42.12,17721.25,88.96
2016-04-13,2082.42,,41.7,17908.28,89.4546
2016-04-14,2082.78,,41.45,17926.43,89.629
2016-04-15,2080.73,1.77,40.4,17897.46,89.4733
2016-04-18,2094.34,,39.74,,89.2632
2016-04-19,2100.8,,40.88,,88.7208
2016-04-20,2102.4,,42.72,,88.8875
2016-04-21,2091.48,,43.18,,89.206
2016-04-22,2091.58,1.84,42.76,,89.5893
2016-04-25,2087.79,,41.67,,89.371
2016-04-26,2091.7,,42.52,,89.0395
2016-04-27,2095.15,,45.29,,89.1455
2016-04-28,2075.81,,46.03,,88.5884
2016-04-29,2065.3,1.88,45.98,,87.9695
2016-05-02,2081.43,,44.75,,87.6219
2016-05-03,2063.37,,43.65,,88.0097
2016-05-04,2051.12,,43.77,,88.6156
2016-05-05,2050.63,,44.33,,88.8924
2016-05-06,2057.14,1.81,44.58,,88.9463
2016-05-09,2058.69,,43.45,,89.3943
2016-05-10,2084.39,,44.68,,89.4658
2016-05-11,2064.46,,46.21,,88.9053
2016-05-12,2064.11,,46.64,,89.2289
2016-05-13,2046.61,1.75,46.22,,89.8038
2016-05-16,2066.66,,47.72,,89.5386
2016-05-17,2047.21,,48.29,,89.4604
2016-05-18,2047.63,,48.12,,89.8005
2016-05-19,2040.04,,48.16,,90.4491
2016-05-20,2052.32,1.82,47.67,,90.6609
2016-05-23,2048.04,,48.12,,90.6591
2016-05-24,2076.06,,48.04,,90.7168
2016-05-25,2090.54,,49.1,,90.611
2016-05-26,2090.1,,49.0,,90.2362
2016-05-27,2099.06,1.85,49.36,,90.47
2016-05-30,,,,,
2016-05-31,2096.96,,49.1,,90.8375
2016-06-01,2099.33,,49.07,,90.6212
2016-06-02,2105.26,,49.14,,90.5316
2016-06-03,2099.13,1.8,48.69,,89.3204
2016-06-06,2109.41,,49.71,,89.1211
2016-06-07,2112.13,,50.37,,88.8895
2016-06-08,2119.12,,51.23,,88.4402
2016-06-09,2115.48,,50.52,,88.7943
2016-06-10,2096.07,1.7,49.09,,89.1121
2016-06-13,2079.06,,48.89,,89.1662
2016-06-14,2075.32,,48.49,,89.5384
2016-06-15,2071.5,,47.92,,89.5294
2016-06-16,2077.99,,46.14,,89.9058
2016-06-17,2071.22,1.61,48.0,,89.1302
2016-06-20,2083.25,,49.4,,88.5785
2016-06-21,2088.9,,48.95,,88.8066
2016-06-22,2085.45,,49.16,,88.7177
2016-06-23,2113.32,,49.34,,88.3633
2016-06-24,2037.41,1.68,46.7,,89.8117
2016-06-27,2000.54,,45.8,,90.6334
2016-06-28,2036.09,,47.93,,90.6604
2016-06-29,2070.77,,49.85,,90.0971
2016-06-30,2098.86,,48.27,,90.584
2016-07-01,2102.95,1.47,49.02,,89.892
2016-07-04,,,,,
2016-07-05,2088.55,,46.73,,90.2657
2016-07-06,2099.73,,47.37,,90.3601
2016-07-07,2097.9,,45.22,,90.3247
2016-07-08,2129.9,1.38,45.37,,90.5723
2016-07-11,2137.16,,44.73,,90.8928
2016-07-12,2152.14,,46.82,,90.6943
2016-07-13,2152.43,,44.87,,90.3969
2016-07-14,2163.75,,45.64,,90.387
2016-07-15,2161.74,1.51,45.93,,90.8164
2016-07-18,2166.89,,45.23,,90.7627
2016-07-19,2163.78,,44.64,,91.2104
2016-07-20,2173.02,,44.96,,91.2993
2016-07-21,2165.17,,43.96,,91.1923
2016-07-22,2175.03,1.58,43.41,,91.7229
2016-07-25,2168.48,,42.4,,91.7101
2016-07-26,2169.18,,42.16,,91.5145
2016-07-27,2166.58,,41.9,,91.6858
2016-07-28,2170.06,,41.13,,91.0166
2016-07-29,2173.6,1.53,41.54,,90.0325
2016-08-01,2170.84,,40.05,,90.144
2016-08-02,2157.03,,39.5,,89.6752
2016-08-03,2163.79,,40.8,,89.9403
2016-08-04,2164.25,,41.92,,90.0254
2016-08-05,2182.87,1.54,41.83,,90.6646
2016-08-08,2180.89,,43.06,,90.7712
2016-08-09,2181.74,,42.78,,90.5007
2016-08-10,2175.49,,41.75,,90.056
2016-08-11,2185.79,,43.51,,89.9869
2016-08-12,2184.05,1.54,44.47,,89.8341
2016-08-15,2190.15,,45.72,,89.7295
2016-08-16,2178.15,,46.57,,89.1298
2016-08-17,2182.22,,46.81,,89.2555
2016-08-18,2187.02,,48.2,,88.6645
2016-08-19,2183.87,1.56,48.48,,88.9845
2016-08-22,2182.64,,46.8,,89.1167
2016-08-23,2186.9,,47.54,,89.0277
2016-08-24,2175.44,,46.29,,89.3029
2016-08-25,2172.47,,46.97,,89.2849
2016-08-26,2169.04,1.57,47.64,,89.5294
2016-08-29,2180.38,,46.97,,90.0603
2016-08-30,2176.12,,46.32,,90.4284
2016-08-31,2170.95,,44.68,,90.5736
2016-09-01,2170.86,,43.17,,90.2592
2016-09-02,2179.98,1.58,44.39,,90.2863
2016-09-05,,,44.39,,
2016-09-06,2186.48,,44.85,,89.3205
2016-09-07,2186.16,,45.47,,89.3795
2016-09-08,2181.3,,47.63,,89.461
2016-09-09,2127.81,1.59,45.88,,89.9972
2016-09-12,2159.04,,46.28,,89.8663
2016-09-13,2127.02,,44.91,,90.1175
2016-09-14,2125.77,,43.62,,90.0495
2016-09-15,2147.26,,43.85,,90.0282
2016-09-16,2139.16,1.7,43.04,,90.5795
2016-09-19,2139.12,,43.34,,90.3828
2016-09-20,2139.76,,43.85,,90.5188
2016-09-21,2163.12,,45.33,,90.2977
2016-09-22,2177.18,,46.1,,89.7054
2016-09-23,2164.69,1.66,44.36,,90.0937
2016-09-26,2146.1,,45.6,,89.8734
2016-09-27,2159.93,,44.65,,90.188
2016-09-28,2171.37,,47.07,,90.2273
2016-09-29,2151.13,,47.72,,89.9109
2016-09-30,2168.27,1.58,47.72,,89.9324
2016-10-03,2161.2,,48.8,,90.232
2016-10-04,2150.49,,48.67,,90.5212
2016-10-05,2159.73,,49.75,,90.706
2016-10-06,2160.77,,50.44,,91.0422
2016-10-07,2153.74,1.7,49.76,,91.299
2016-10-10,2163.66,,49.76,,
2016-10-11,2136.73,,50.72,,91.6609
2016-10-12,2139.18,,50.14,,92.0748
2016-10-13,2132.55,,50.47,,91.7452
2016-10-14,2132.98,1.78,50.35,,91.9004
2016-10-17,2126.5,,49.97,,91.7494
2016-10-18,2139.6,,50.3,,91.5885
2016-10-19,2144.29,,51.59,,91.642
2016-10-20,2141.34,,50.31,,92.0592
2016-10-21,2141.16,1.76,50.61,,92.6081
2016-10-24,2151.33,,50.18,,92.669
2016-10-25,2143.16,,49.45,,92.5881
2016-10-26,2139.43,,48.75,,92.5207
2016-10-27,2133.04,,49.71,,92.7911
2016-10-28,2126.41,1.81,48.72,,92.7324
2016-10-31,2126.15,,46.83,,92.5634
2016-11-01,2111.72,,46.66,,92.1047
2016-11-02,2097.94,,45.32,,91.5726
2016-11-03,2088.66,,44.66,,91.58
2016-11-04,2085.18,1.82,44.07,,91.4468
2016-11-07,2131.52,,44.88,,91.9947
2016-11-08,2139.56,,44.96,,91.9786
2016-11-09,2163.26,,45.2,,92.3532
2016-11-10,2167.48,,44.62,,92.9838
2016-11-11,2164.45,1.98,43.39,,
2016-11-14,2164.2,,43.29,,94.077
2016-11-15,2180.39,,45.86,,93.9808
2016-11-16,2176.94,,45.56,,94.0024
2016-11-17,2187.12,,45.37,,94.2742
2016-11-18,2181.9,2.26,45.69,,94.8995
2016-11-21,2198.18,,47.48,,94.7331
2016-11-22,2202.94,,48.07,,94.6755
2016-11-23,2204.72,,46.72,,95.1429
2016-11-24,,,46.72,,
2016-11-25,2213.35,2.34,46.72,,95.15
2016-11-28,2201.72,,45.66,,94.924
2016-11-29,2204.66,,45.29,,94.7906
2016-11-30,2198.81,,49.41,,95.2186
2016-12-01,2191.08,,51.08,,94.7229
2016-12-02,2191.95,2.37,51.7,,94.3916
2016-12-05,2204.71,,51.72,,94.1473
2016-12-06,2212.23,,50.95,,94.1672
2016-12-07,2241.35,,49.85,,93.9442
2016-12-08,2246.19,,50.84,,94.5114
2016-12-09,2259.53,2.4,51.51,,94.8394
2016-12-12,2256.96,,52.74,,94.4962
2016-12-13,2271.72,,52.99,,94.3169
2016-12-14,2253.28,,51.01,,94.1979
2016-12-15,2262.03,,50.9,,96.5689
2016-12-16,2258.07,2.54,51.93,,95.9966
2016-12-19,2262.53,,52.13,,96.0422
2016-12-20,2270.76,,52.22,,96.4316
2016-12-21,2265.18,,51.44,,96.3222
2016-12-22,2260.96,,51.98,,96.3475
2016-12-23,2263.79,2.55,52.01,,96.5085
2016-12-26,,,,,
2016-12-27,2268.88,,52.82,,96.5532
2016-12-28,2249.92,,54.01,,96.8665
2016-12-29,2249.26,,53.8,,96.1354
2016-12-30,2238.83,2.51,53.75,,95.7228
2017-01-02,,,,,
2017-01-03,2257.83,,52.36,,96.4677
2017-01-04,2270.75,,53.26,,95.8582
2017-01-05,2269.0,,53.77,,94.8563
2017-01-06,2276.98,2.43,53.98,,95.2662
2017-01-09,2268.9,,51.95,,95.1949
2017-01-10,2268.9,,50.82,,95.1519
2017-01-11,2275.32,,52.19,,95.5418
2017-01-12,2270.44,,53.01,,94.286
2017-01-13,2274.64,2.38,52.36,,94.616
2017-01-16,,,,,
2017-01-17,2267.89,,52.45,,93.791
2017-01-18,2271.89,,51.12,,94.1644
2017-01-19,2263.69,,51.39,,94.9218
2017-01-20,2271.31,2.43,52.33,,
2017-01-23,2265.2,,52.77,,93.9656
2017-01-24,2280.07,,52.38,,93.7379
2017-01-25,2298.37,,52.14,,93.5492
2017-01-26,2296.68,,53.24,,94.0485
2017-01-27,2294.69,2.48,53.18,,94.0567
2017-01-30,2280.9,,52.63,,93.917
2017-01-31,2278.87,,52.75,,93.1296
2017-02-01,2279.55,,53.9,,93.4308
2017-02-02,2280.85,,53.55,,93.0435
2017-02-03,2297.42,2.48,53.81,,93.0757
2017-02-06,2292.56,,53.01,,93.5664
2017-02-07,2293.08,,52.19,,93.7855
2017-02-08,2294.67,,52.37,,93.5912
2017-02-09,2307.87,,52.99,,93.9951
2017-02-10,2316.1,2.39,53.84,,93.8859
2017-02-13,2328.25,,52.96,,94.1476
2017-02-14,2337.58,,53.21,,94.3873
2017-02-15,2349.25,,53.11,,94.2478
2017-02-16,2347.22,,53.41,,93.8243
2017-02-17,2351.16,2.46,53.41,,94.1042
2017-02-20,,,,,
2017-02-21,2365.38,,54.02,,94.4839
2017-02-22,2362.82,,53.61,,94.561
2017-02-23,2363.81,,54.48,,94.1067
2017-02-24,2367.34,2.39,53.99,,94.1098
2017-02-27,2369.75,,54.04,,93.9239
2017-02-28,2363.64,,54.0,,94.2571
2017-03-01,2395.96,,53.82,,94.9469
2017-03-02,2381.92,,52.63,,95.3927
2017-03-03,2383.12,2.43,53.33,,95.3553
2017-03-06,2375.31,,53.19,,95.1199
2017-03-07,2368.39,,52.68,,95.1694
2017-03-08,2362.98,,49.83,,95.5706
2017-03-09,2364.87,,48.75,,95.4857
2017-03-10,2372.6,2.55,48.05,,95.1503
2017-03-13,2373.47,,47.95,,94.965
2017-03-14,2365.45,,47.24,,95.1233
2017-03-15,2385.26,,48.34,,95.1207
2017-03-16,2381.38,,48.3,,94.068
2017-03-17,2378.25,2.55,48.34,,94.111
2017-03-20,2373.47,,47.79,,94.028
2017-03-21,2344.02,,47.02,,93.5905
2017-03-22,2348.45,,47.29,,93.5687
2017-03-23,2345.96,,47.0,,93.5848
2017-03-24,2343.98,2.42,47.3,,93.6096
2017-03-27,2341.59,,47.02,,93.1641
2017-03-28,2358.57,,48.36,,93.3219
2017-03-29,2361.13,,49.47,,93.8584
2017-03-30,2368.06,,50.3,,93.7755
2017-03-31,2362.72,2.4,50.54,,93.9602
2017-04-03,2358.84,,50.25,,94.2513
2017-04-04,2360.16,,50.99,,94.2803
2017-04-05,2352.95,,51.14,,94.3187
2017-04-06,2357.49,,51.69,,94.3417
2017-04-07,2355.54,2.35,52.25,,94.4898
2017-04-10,2357.16,,53.06,,94.4544
2017-04-11,2353.78,,53.38,,94.1967
2017-04-12,2344.93,,53.12,,94.1018
2017-04-13,2328.95,,53.19,,93.8762
2017-04-14,,2.3,,,93.9068
2017-04-17,2349.01,,52.62,,93.6275
2017-04-18,2342.19,,52.46,,93.5421
2017-04-19,2338.17,,50.49,,93.7998
2017-04-20,2355.84,,50.26,,93.6269
2017-04-21,2348.69,2.23,49.64,,93.9117
2017-04-24,2374.15,,48.9,,93.4586
2017-04-25,2388.61,,49.22,,93.402
2017-04-26,2387.45,,49.22,,93.7173
2017-04-27,2388.77,,48.96,,93.8124
2017-04-28,2384.2,2.31,49.31,,93.7181
2017-05-01,2388.33,,48.83,,93.6654
2017-05-02,2391.17,,47.65,,93.8566
2017-05-03,2388.13,,47.79,,93.8125
2017-05-04,2389.52,,45.55,,93.7814
2017-05-05,2399.29,2.33,46.23,,93.5496
2017-05-08,2399.38,,46.46,,93.9024
2017-05-09,2396.92,,45.84,,94.3259
2017-05-10,2399.63,,47.28,,94.1926
2017-05-11,2394.44,,47.81,,94.2705
2017-05-12,2390.9,2.39,47.83,,94.0251
2017-05-15,2402.32,,48.86,,93.6873
2017-05-16,2400.67,,48.64,,93.1841
2017-05-17,2357.03,,49.04,,92.7036
2017-05-18,2365.72,,49.36,,92.5967
2017-05-19,2381.73,2.27,50.32,,92.3337
2017-05-22,2394.02,,50.81,,92.0623
2017-05-23,2398.42,,51.12,,92.2403
2017-05-24,2404.39,,50.99,,92.3422
2017-05-25,2415.07,,48.57,,92.1251
2017-05-26,2415.82,2.26,49.58,,92.3492
2017-05-29,,,,,
2017-05-30,2412.91,,49.63,,92.1991
2017-05-31,2411.8,,48.29,,92.0418
2017-06-01,2430.06,,48.32,,92.1922
2017-06-02,2439.07,2.2,47.68,,91.8898
2017-06-05,2436.1,,47.4,,91.9058
2017-06-06,2429.33,,48.13,,91.6332
2017-06-07,2433.14,,45.8,,91.8562
2017-06-08,2433.79,,45.68,,91.967
2017-06-09,2431.77,2.18,45.82,,92.1431
2017-06-12,2429.39,,46.1,,92.053
2017-06-13,2440.35,,46.41,,91.6638
2017-06-14,2437.92,,44.79,,91.136
2017-06-15,2432.46,,44.47,,91.9876
2017-06-16,2433.15,2.18,44.73,,91.7442
2017-06-19,2453.46,,44.24,,91.889
2017-06-20,2437.03,,43.34,,92.2444
2017-06-21,2435.61,,42.48,,92.2739
2017-06-22,2434.5,,42.53,,92.0618
2017-06-23,2438.3,2.16,42.86,,91.8673
2017-06-26,2439.07,,43.24,,91.8277
2017-06-27,2419.38,,44.25,,91.4237
2017-06-28,2440.69,,44.74,,90.8114
2017-06-29,2419.7,,44.88,,90.5163
2017-06-30,2423.41,2.23,46.02,,90.4944
2017-07-03,2429.01,,46.02,,90.8407
2017-07-04,,,,,
2017-07-05,2432.54,,45.11,,90.9656
2017-07-06,2409.75,,45.52,,90.5818
2017-07-07,2425.18,2.36,44.25,,90.6492
2017-07-10,2427.43,,44.4,,90.6762
2017-07-11,2425.53,,45.06,,90.676
2017-07-12,2443.25,,45.48,,90.2647
2017-07-13,2447.83,,46.06,,90.2874
2017-07-14,2459.27,2.35,46.53,,89.688
2017-07-17,2459.14,,46.02,,89.6741
2017-07-18,2460.61,,46.4,,89.1491
2017-07-19,2473.83,,47.1,,89.1698
2017-07-20,2473.45,,46.73,,88.7977
2017-07-21,2472.54,2.27,45.78,,88.6051
2017-07-24,2469.91,,46.21,,88.5352
2017-07-25,2477.13,,47.77,,88.5346
2017-07-26,2477.83,,48.58,,88.7099
2017-07-27,2475.42,,49.05,,88.6385
2017-07-28,2472.1,2.3,49.72,,88.0258
2017-07-31,2470.3,,50.21,,87.7956
2017-08-01,2476.35,,49.19,,87.9734
2017-08-02,2477.57,,49.6,,87.801
2017-08-03,2472.16,,49.03,,87.8085
2017-08-04,2476.83,2.27,49.57,,88.4988
2017-08-07,2480.91,,49.37,,88.5006
2017-08-08,2474.92,,49.07,,88.6933
2017-08-09,2474.02,,49.59,,88.5767
2017-08-10,2438.21,,48.54,,88.4728
2017-08-11,2441.32,2.24,48.81,,88.2082
2017-08-14,2465.84,,47.59,,88.4014
2017-08-15,2464.61,,47.57,,88.8301
2017-08-16,2468.11,,46.8,,88.9058
2017-08-17,2430.01,,47.07,,88.5046
2017-08-18,2425.55,2.22,48.59,,88.2971
2017-08-21,2428.37,,47.39,,88.0065
2017-08-22,2452.51,,47.65,,88.2393
2017-08-23,2444.04,,48.45,,88.114
2017-08-24,2438.97,,47.24,,88.0586
2017-08-25,2443.05,2.19,47.65,,87.6737
2017-08-28,2444.24,,46.4,,87.3242
2017-08-29,2446.3,,46.46,,87.1448
2017-08-30,2457.59,,45.96,,87.8242
2017-08-31,2471.65,,47.26,,87.7545
2017-09-01,2476.55,2.14,47.32,,87.4804
2017-09-04,,,,,
2017-09-05,2457.85,,48.63,,87.1537
2017-09-06,2465.54,,49.13,,86.7
2017-09-07,2465.1,,49.1,,86.2076
2017-09-08,2461.43,2.07,47.44,,86.0101
2017-09-11,2488.11,,48.06,,86.4788
2017-09-12,2496.48,,48.21,,86.5772
2017-09-13,2498.37,,49.3,,87.0028
2017-09-14,2495.62,,49.86,,86.9873
2017-09-15,2500.23,2.18,49.9,,86.6068
2017-09-18,2503.87,,49.88,,86.916
2017-09-19,2506.65,,49.54,,86.823
2017-09-20,2508.24,,50.29,,86.7341
2017-09-21,2500.6,,50.58,,87.1658
2017-09-22,2502.22,2.26,50.33,,87.0324
2017-09-25,2496.66,,51.85,,87.4735
2017-09-26,2496.84,,51.59,,87.8973
2017-09-27,2507.04,,52.14,,88.1217
2017-09-28,2510.06,,51.62,,88.1359
2017-09-29,2519.36,2.28,51.67,,88.1008
2017-10-02,2529.12,,50.59,,88.3967
2017-10-03,2534.58,,50.44,,88.3622
2017-10-04,2537.74,,50.0,,88.3142
2017-10-05,2552.07,,50.79,,88.7147
2017-10-06,2549.33,2.34,49.34,,88.6593
2017-10-09,2544.73,,49.58,,
2017-10-10,2550.64,,50.93,,88.1728
2017-10-11,2555.24,,51.3,,88.0957
2017-10-12,2550.93,,50.61,,88.0685
2017-10-13,2553.17,2.33,51.43,,87.975
2017-10-16,2557.64,,51.86,,88.1144
2017-10-17,2559.36,,51.87,,88.5293
2017-10-18,2561.26,,52.05,,88.3596
2017-10-19,2562.1,,51.29,,88.0974
2017-10-20,2575.21,2.33,51.63,,88.7482
2017-10-23,2564.98,,51.91,,88.8414
2017-10-24,2569.13,,52.32,,88.9578
2017-10-25,2557.15,,51.97,,89.0475
2017-10-26,2560.4,,52.41,,89.4866
2017-10-27,2581.07,2.42,53.92,,90.0419
2017-10-30,2572.83,,54.11,,89.696
2017-10-31,2575.26,,54.36,,89.7401
2017-11-01,2579.36,,54.32,,89.9123
2017-11-02,2579.85,,54.55,,89.6387
2017-11-03,2587.84,2.36,55.63,,89.8262
2017-11-06,2591.13,,57.34,,89.7156
2017-11-07,2590.64,,57.19,,89.8949
2017-11-08,2594.38,,56.82,,89.7042
2017-11-09,2584.62,,57.16,,89.4057
2017-11-10,2582.3,2.34,56.75,,
2017-11-13,2584.84,,56.77,,89.5331
2017-11-14,2578.87,,55.67,,89.1425
2017-11-15,2564.62,,55.28,,89.1045
2017-11-16,2585.64,,55.14,,89.0313
2017-11-17,2578.85,2.37,56.21,,88.9155
2017-11-20,2582.14,,56.21,,89.1893
2017-11-21,2599.03,,56.84,,89.1177
2017-11-22,2597.08,,57.88,,88.7161
2017-11-23,,,,,
2017-11-24,2602.42,2.35,58.94,,88.1531
2017-11-27,2601.42,,58.1,,88.2549
2017-11-28,2627.04,,57.96,,88.5525
2017-11-29,2626.07,,57.25,,88.6792
2017-11-30,2647.58,,57.4,,88.6542
2017-12-01,2642.22,2.36,58.35,,88.1787
2017-12-04,2639.44,,57.48,,88.538
2017-12-05,2629.57,,57.66,,88.6075
2017-12-06,2629.27,,55.79,,88.9141
2017-12-07,2636.98,,56.5,,89.036
2017-12-08,2651.5,2.36,57.15,,89.3369
2017-12-11,2659.99,,57.84,,89.13
2017-12-12,2664.11,,57.12,,89.4931
2017-12-13,2662.85,,56.59,,89.2519
2017-12-14,2652.01,,57.0,,89.0225
2017-12-15,2675.81,2.37,57.29,,89.1218
2017-12-18,2690.16,,57.17,,88.9388
2017-12-19,2681.47,,57.49,,89.0689
2017-12-20,2679.25,,58.09,,88.7856
2017-12-21,2684.57,,58.34,,88.6088
2017-12-22,2683.34,2.46,58.25,,88.743
2017-12-25,,,,,
2017-12-26,2680.5,,59.55,,88.5227
2017-12-27,2682.62,,59.67,,88.2974
2017-12-28,2687.54,,59.84,,87.9068
2017-12-29,2673.61,2.43,60.46,,87.4741
2018-01-01,,,,,
2018-01-02,2695.81,,60.37,,87.2663
2018-01-03,2713.06,,61.61,,87.4423
2018-01-04,2723.99,,61.98,,87.3561
2018-01-05,2743.15,2.46,61.49,,87.2176
2018-01-08,2747.71,,61.73,,87.4709
2018-01-09,2751.29,,62.92,,87.6932
2018-01-10,2748.23,,63.6,,87.4798
2018-01-11,2767.56,,63.81,,87.2656
2018-01-12,2786.24,2.54,64.22,,86.8613
2018-01-15,,,,,
2018-01-16,2776.42,,63.82,,86.1829
2018-01-17,2802.56,,63.92,,86.2379
2018-01-18,2798.03,,63.96,,86.1659
2018-01-19,2810.3,2.59,63.38,,86.1844
2018-01-22,2832.97,,63.66,,86.2499
2018-01-23,2839.13,,64.45,,86.002
2018-01-24,2837.54,,65.69,,85.1294
2018-01-25,2839.25,,65.62,,84.6338
2018-01-26,2872.87,2.65,66.27,,84.8181
2018-01-29,2853.53,,65.71,,85.229
2018-01-30,2822.43,,64.64,,85.0494
2018-01-31,2823.81,,64.82,,84.855
2018-02-01,2821.98,,65.92,,84.6717
2018-02-02,2762.13,2.75,65.5,,85.1997
2018-02-05,2648.94,,64.18,,85.4873
2018-02-06,2695.14,,63.48,,85.6391
2018-02-07,2681.66,,61.91,,86.0656
2018-02-08,2581.0,,61.3,,86.2199
2018-02-09,2619.55,2.82,59.2,,86.2365
2018-02-12,2656.0,,59.41,,86.1544
2018-02-13,2662.94,,59.33,,85.65
2018-02-14,2698.63,,60.7,,85.3733
2018-02-15,2731.2,,61.48,,84.8615
2018-02-16,2732.22,2.87,61.89,,84.9754
2018-02-19,,,,,
2018-02-20,2716.26,,61.91,,85.6314
2018-02-21,2701.33,,61.73,,85.9436
2018-02-22,2703.96,,62.72,,85.871
2018-02-23,2747.3,2.91,63.52,,85.8219
2018-02-26,2779.6,,63.81,,85.9499
2018-02-27,2744.28,,62.94,,86.3273
2018-02-28,2713.83,,61.43,,86.4919
2018-03-01,2677.67,,60.98,,86.6211
2018-03-02,2691.25,2.86,61.19,,86.2256
2018-03-05,2720.94,,62.49,,86.3656
2018-03-06,2728.12,,62.54,,85.9253
2018-03-07,2726.8,,61.09,,86.1817
2018-03-08,2738.97,,60.13,,86.3974
2018-03-09,2786.57,2.88,62.02,,86.187
2018-03-12,2783.02,,61.35,,86.1847
2018-03-13,2765.31,,60.69,,86.0611
2018-03-14,2749.48,,60.89,,86.1744
2018-03-15,2747.33,,61.16,,86.5029
2018-03-16,2752.01,2.84,62.29,,86.7572
2018-03-19,2712.92,,62.01,,86.5089
2018-03-20,2716.94,,63.37,,86.7713
2018-03-21,2711.93,,65.1,,86.502
2018-03-22,2643.69,,64.25,,86.1841
2018-03-23,2588.26,2.86,65.8,,85.8266
2018-03-26,2658.55,,65.49,,85.5564
2018-03-27,2612.62,,65.21,,85.7394
2018-03-28,2605.0,,64.3,,86.1384
2018-03-29,2640.87,,64.87,,86.3748
2018-03-30,,2.79,,,86.2665
2018-04-02,2581.88,,63.05,,86.4032
2018-04-03,2614.45,,63.41,,86.3098
2018-04-04,2644.69,,63.35,,86.2295
2018-04-05,2662.84,,63.53,,86.54
2018-04-06,2604.47,2.78,62.03,,86.2667
2018-04-09,2613.16,,63.4,,85.976
2018-04-10,2656.87,,65.48,,85.7493
2018-04-11,2642.19,,66.81,,85.4936
2018-04-12,2663.99,,67.07,,85.7508
2018-04-13,2656.3,2.8,67.35,,85.8087
2018-04-16,2677.84,,66.23,,85.532
2018-04-17,2706.39,,66.5,,85.5765
2018-04-18,2708.64,,68.44,,85.6951
2018-04-19,2693.13,,68.3,,85.8885
2018-04-20,2670.14,2.88,68.26,,86.3755
2018-04-23,2670.29,,67.61,,86.9622
2018-04-24,2634.56,,67.66,,86.9504
2018-04-25,2639.4,,68.0,,87.26
2018-04-26,2666.94,,68.18,,87.4816
2018-04-27,2669.91,2.99,68.11,,87.542
2018-04-30,2648.05,,68.56,,87.6276
2018-05-01,2654.8,,67.28,,88.1188
2018-05-02,2635.67,,67.91,,88.2047
2018-05-03,2629.73,,68.45,,88.1655
2018-05-04,2663.42,2.96,69.71,,88.2094
2018-05-07,2672.63,,70.74,,88.2622
2018-05-08,2671.92,,68.83,,88.7212
2018-05-09,2697.79,,71.16,,88.5658
2018-05-10,2723.07,,71.36,,88.3096
2018-05-11,2727.72,2.97,70.69,,88.0314
2018-05-14,2730.13,,71.01,,87.9166
2018-05-15,2711.45,,71.34,,88.6274
2018-05-16,2722.46,,71.43,,88.7875
2018-05-17,2720.13,,71.47,,88.7983
2018-05-18,2712.97,3.07,71.23,,89.0051
2018-05-21,2733.01,,72.26,,88.9733
2018-05-22,2724.44,,72.09,,88.7433
2018-05-23,2733.29,,71.85,,89.2158
2018-05-24,2727.76,,70.77,,89.0095
2018-05-25,2721.33,3.01,67.92,,89.3643
2018-05-28,,,,,
2018-05-29,2689.86,,66.8,,89.8201
2018-05-30,2724.01,,68.24,,89.0934
2018-05-31,2705.27,,66.98,,89.2677
2018-06-01,2734.62,2.83,65.81,,89.2653
2018-06-04,2746.87,,64.76,,89.1813
2018-06-05,2748.8,,65.51,,89.3939
2018-06-06,2772.35,,64.75,,88.8521
2018-06-07,2770.37,,65.96,,88.8819
2018-06-08,2779.03,2.94,65.77,,88.9338
2018-06-11,2782.0,,66.1,,88.9424
2018-06-12,2786.85,,66.38,,88.9954
2018-06-13,2775.63,,66.63,,89.0226
2018-06-14,2782.49,,66.91,,89.793
2018-06-15,2779.66,2.95,65.01,,90.1206
2018-06-18,2773.75,,65.91,,90.2859
2018-06-19,2762.59,,65.09,,90.4529
2018-06-20,2767.32,,65.92,,90.4464
2018-06-21,2749.76,,65.68,,90.4353
2018-06-22,2754.88,2.91,69.02,,90.297
2018-06-25,2717.07,,69.91,,90.0305
2018-06-26,2723.06,,75.23,,90.1171
2018-06-27,2699.63,,77.41,,90.5605
2018-06-28,2716.31,,73.45,,90.5467
2018-06-29,2718.37,2.85,74.13,,89.9734
2018-07-02,2726.71,,73.89,,90.4184
2018-07-03,2713.22,,74.19,,90.0426
2018-07-04,,,,,
2018-07-05,2736.61,,73.05,,89.8189
2018-07-06,2759.82,2.84,73.78,,89.5756
2018-07-09,2784.17,,73.93,,89.6613
2018-07-10,2793.84,,74.11,,89.7541
2018-07-11,2774.02,,70.47,,89.8616
2018-07-12,2798.29,,70.28,,90.162
2018-07-13,2801.31,2.85,71.03,,90.2872
2018-07-16,2798.43,,68.22,,90.0232
2018-07-17,2809.55,,68.03,,90.4107
2018-07-18,2815.62,,68.78,,90.5535
2018-07-19,2804.49,,69.42,,90.9072
2018-07-20,2801.83,2.86,70.31,,90.0729
2018-07-23,2806.98,,67.9,,90.0392
2018-07-24,2820.4,,70.77,,90.0878
2018-07-25,2846.07,,71.13,,89.9515
2018-07-26,2837.44,,71.59,,90.0238
2018-07-27,2818.82,2.96,68.66,,89.9284
2018-07-30,2802.6,,71.19,,89.6217
2018-07-31,2816.29,,69.88,,89.7843
2018-08-01,2813.36,,68.8,,89.8964
2018-08-02,2827.22,,68.95,,90.106
2018-08-03,2840.35,2.97,68.49,,90.0491
2018-08-06,2850.4,,69.01,,90.2984
2018-08-07,2858.45,,69.17,,90.1775
2018-08-08,2857.7,,66.92,,90.2848
2018-08-09,2853.58,,66.81,,90.3483
2018-08-10,2833.28,2.94,67.61,,91.1345
2018-08-13,2821.93,,67.25,,91.1721
2018-08-14,2839.96,,67.04,,91.3092
2018-08-15,2818.37,,65.07,,91.4788
2018-08-16,2840.69,,65.44,,91.2794
2018-08-17,2850.13,2.87,65.93,,91.025
2018-08-20,2857.05,,66.5,,90.8981
2018-08-21,2862.96,,67.32,,90.4279
2018-08-22,2861.82,,67.85,,90.125
2018-08-23,2856.98,,69.13,,90.457
2018-08-24,2874.69,2.83,69.71,,90.1696
2018-08-27,2896.74,,69.97,,89.8533
2018-08-28,2897.52,,68.54,,89.6156
2018-08-29,2914.04,,69.68,,89.749
2018-08-30,2901.13,,70.25,,89.9322
2018-08-31,2901.52,2.87,69.84,,90.2569
2018-09-03,,,70.25,,
2018-09-04,2896.72,,69.82,,90.7166
2018-09-05,2888.6,,68.69,,90.4994
2018-09-06,2878.05,,67.81,,90.4163
2018-09-07,2871.68,2.91,67.73,,90.5598
2018-09-10,2877.13,,67.55,,90.3999
2018-09-11,2887.89,,69.29,,90.451
2018-09-12,2888.92,,70.37,,90.0359
2018-09-13,2904.18,,68.6,,89.8946
2018-09-14,2904.98,2.97,68.98,,90.0256
2018-09-17,2888.8,,68.86,,89.8156
2018-09-18,2904.31,,69.87,,89.7408
2018-09-19,2907.95,,71.08,,89.6809
2018-09-20,2930.75,,70.77,,89.4289
2018-09-21,2929.67,3.05,70.8,,89.5186
2018-09-24,2919.37,,73.23,,89.4406
2018-09-25,2915.56,,73.4,,89.4965
2018-09-26,2905.97,,72.22,,89.5782
2018-09-27,2914.0,,72.18,,90.1452
2018-09-28,2913.98,3.07,73.16,,90.1109
2018-10-01,2924.59,,75.37,,90.1677
2018-10-02,2923.43,,75.16,,90.2279
2018-10-03,2925.51,,76.4,,90.4667
2018-10-04,2901.61,,74.44,,90.6463
2018-10-05,2885.57,3.14,74.26,,90.6888
2018-10-08,2884.43,,74.27,,
2018-10-09,2880.34,,74.95,,90.6916
2018-10-10,2785.68,,73.18,,90.4526
2018-10-11,2728.37,,70.97,,90.4188
2018-10-12,2767.13,3.18,71.41,,90.3927
2018-10-15,2750.79,,71.84,,90.1081
2018-10-16,2809.92,,71.93,,90.0732
2018-10-17,2809.21,,69.63,,90.4094
2018-10-18,2768.78,,68.63,,90.7481
2018-10-19,2767.78,3.18,69.16,,90.831
2018-10-22,2755.88,,69.25,,91.0695
2018-10-23,2740.69,,66.49,,90.9384
2018-10-24,2656.1,,66.56,,91.1552
2018-10-25,2705.57,,67.25,,91.3893
2018-10-26,2658.69,3.14,67.58,,91.2889
2018-10-29,2641.25,,67.0,,91.4699
2018-10-30,2682.63,,66.18,,91.6495
2018-10-31,2711.74,,65.31,,91.7391
2018-11-01,2740.37,,63.67,,91.3253
2018-11-02,2723.06,3.14,63.12,,91.4119
2018-11-05,2738.31,,63.12,,91.3334
2018-11-06,2755.45,,62.16,,91.3143
2018-11-07,2813.89,,61.69,,91.0213
2018-11-08,2806.83,,60.71,,91.2655
2018-11-09,2781.01,3.21,60.19,,91.8931
2018-11-12,2726.22,,59.85,,
2018-11-13,2722.18,,55.63,,92.0123
2018-11-14,2701.58,,56.16,,91.9276
2018-11-15,2730.2,,56.45,,91.9047
2018-11-16,2736.27,3.11,56.49,,91.437
2018-11-19,2690.73,,57.16,,91.2574
2018-11-20,2641.89,,53.39,,91.6112
2018-11-21,2649.93,,54.41,,91.7197
2018-11-22,,,,,
2018-11-23,2632.56,3.06,,,91.8146
2018-11-26,2673.45,,51.46,,91.914
2018-11-27,2682.17,,51.31,,92.3354
2018-11-28,2743.79,,50.06,,92.3269
2018-11-29,2737.76,,51.46,,91.795
2018-11-30,2760.17,3.05,50.78,,92.0344
2018-12-03,2790.37,,52.98,,91.7365
2018-12-04,2700.06,,53.21,,91.7339
2018-12-05,,,52.64,,
2018-12-06,2695.95,,51.54,,91.9781
2018-12-07,2633.08,2.9,52.76,,91.7441
2018-12-10,2637.72,,51.07,,92.1381
2018-12-11,2636.78,,51.65,,92.4447
2018-12-12,2651.07,,51.04,,92.045
2018-12-13,2650.54,,52.69,,92.1438
2018-12-14,2599.95,2.89,51.26,,92.4416
2018-12-17,2545.94,,49.8,,92.2268
2018-12-18,2546.16,,46.12,,92.2204
2018-12-19,2506.96,,47.96,,91.9023
2018-12-20,2467.42,,45.64,,91.9457
2018-12-21,2416.62,2.81,45.38,,92.1151
2018-12-24,2351.1,,,,92.1151
2018-12-25,,,,,
2018-12-26,2467.7,,46.04,,92.029
2018-12-27,2488.83,,44.48,,92.2298
2018-12-28,2485.74,2.76,45.15,,91.9394
2018-12-31,2506.85,,,,91.7941
2019-01-01,,,,,
2019-01-02,2510.03,,46.31,,92.1131
2019-01-03,2447.89,,46.92,,91.6091
2019-01-04,2531.94,2.65,47.76,,91.3243
2019-01-07,2549.69,,48.27,,90.9381
2019-01-08,2574.41,,49.58,,91.0535
2019-01-09,2584.96,,52.19,,90.535
2019-01-10,2596.64,,52.42,,90.5982
2019-01-11,2596.26,2.72,51.44,,90.7375
2019-01-14,2582.61,,50.31,,90.7375
2019-01-15,2610.3,,51.8,,91.173
2019-01-16,2616.1,,52.08,,91.0332
2019-01-17,2635.96,,51.83,,91.211
2019-01-18,2670.71,2.74,53.6,,91.3493
2019-01-21,,,51.83,,
2019-01-22,2632.9,,52.59,,91.4256
2019-01-23,2638.7,,52.44,,91.3098
2019-01-24,2642.33,,52.94,,91.5839
2019-01-25,2664.76,2.75,53.53,,91.0087
2019-01-28,2643.85,,51.79,,90.8824
2019-01-29,2640.0,,53.07,,90.9716
2019-01-30,2681.05,,54.18,,90.9283
2019-01-31,2704.1,,53.84,,90.5297
2019-02-01,2706.53,2.7,55.29,,90.5006
2019-02-04,2724.87,,54.57,,90.7797
2019-02-05,2737.7,,53.69,,90.9757
2019-02-06,2731.61,,53.94,,91.1843
2019-02-07,2706.05,,52.68,,91.4657
2019-02-08,2707.88,2.68,52.75,,91.5568
2019-02-11,2709.8,,52.43,,91.9064
2019-02-12,2744.73,,53.14,,91.6756
2019-02-13,2753.03,,53.84,,91.7753
2019-02-14,2745.73,,54.4,,91.9835
2019-02-15,2775.6,2.67,55.58,,91.8995
2019-02-18,,,55.58,,
2019-02-19,2779.76,,56.12,,
2019-02-20,2784.7,,,,
2019-02-21,2774.88,,,,
2019-02-22,2792.67,,,,
